Name	B1	B2	B3	B4	B5	B6	F1	F2	F3	F4	F5	F6
Azelaic acid	5.9729540745216765	5.9594426534677485	5.985033422537444	5.997313435868878	5.973835928252796	5.986409998399876	5.572884512468153	5.609285637559724	5.70487617855251	5.587659562741599	5.582165976355316	5.607533687639268
Glyceric acid	5.4664719528088765	5.57880549900387	5.702152484887265	5.687482577538352	5.660263118890859	5.641919140650943	6.111026835235845	6.348738597065847	6.172923832301246	6.158141832915336	6.15817793448667	6.176679626798013
Pyroglutamic acid	6.459651241314714	6.459729512380748	6.468939164320794	6.472321976112051	6.457335330136453	6.480230723470865	6.775181397106776	6.77845381150989	6.795677765994604	6.791125955838711	6.794173000712556	6.794217222733718
Nordeoxycholic acid	7.640754138474329	7.648689755519099	7.584073731488856	7.629467954260116	7.626103799203646	7.606149651902352	6.976561644357747	6.91213814026794	6.994379286804035	6.966913698985001	6.878022035957042	6.822767598169114
Valeric acid	7.710159414381725	7.736336640112581	7.704200611826799	7.680783622407951	7.707047001549145	7.719219538589221	8.07613931931559	8.054401048797041	8.071240741867925	8.06952654094069	8.062321822694685	8.058821990272572
Isoleucine	7.090466680598632	7.1144755376666415	7.141853728238789	7.114768208688002	7.104259429025925	7.110061926598736	7.409260720797333	7.590711640651144	7.389102575793137	7.401409855885948	7.400870454476873	7.58268153216143
Isovaleric acid	7.710159414381725	7.736336640112581	7.704200611826799	7.680783622407951	7.707047001549145	7.719219538589221	8.07613931931559	8.054401048797041	8.071240741867925	8.06952654094069	8.062321822694685	8.058821990272572
N-Acetylaspartic acid	6.236657236806639	6.232187834183395	6.19299450426341	6.2661405343258965	6.238984356663124	6.240784313928614	6.60580233504676	6.590227283032787	6.598801926184677	6.610091576276425	6.58900756639874	6.611225001454201
N-Acetylmuramic acid	6.296235324395088	6.2737510819454	6.299329766108447	6.302932863251053	6.287219326644922	6.2755487886889805	6.648540809375872	6.637569794223685	6.661655489874051	6.654566247767414	6.66266270669422	6.649114018162456
Acetylglycine	5.883042847651432	5.873690701380873	5.826820340168901	5.825066375661258	5.844833448265441	5.829726284850648	6.307391062304437	6.784476938326701	6.337648765023072	6.77489776299867	6.325027744579613	6.37547603548597
Butanoic acid	7.765404112646712	7.795706781106149	7.757879345107473	7.78888966859212	7.778425641369378	7.759714272249146	8.256658535106085	8.287679894583725	8.277162632603297	8.248025166731082	8.252769247235298	8.301045348659652
Glutamate	6.511675150673411	6.526907502024192	6.556073293834335	6.526580238342838	6.55736907941572	6.577298243084636	7.638224073996126	7.663006096328243	7.646760662246229	7.642678726315159	7.664422854161725	7.668217779415904
N-Acetylcitrulline	5.05320937482569	4.9235729446205365	4.968058913007674	4.965739846441326	5.0371331303827	4.87677366407949	6.035027076669072	6.051216271775307	6.034652315281535	6.030164835258173	6.04701410090473	6.059065029108426
O-Acetylserine	6.257767682369243	6.240203081360757	6.273630478216655	6.314347317526384	6.308691592437064	6.282268795949566	7.600253624947613	7.640730975883172	7.639680840093645	7.624947005713476	7.640729292690804	7.634797547172309
Phe-Leu	6.659954353613383	6.800097530906407	6.65255927395861	6.624871188770638	6.744232408843044	6.761648365108659	7.27231745586211	7.257274895027827	7.257813673807651	7.2889608859750386	7.283540785910572	7.25658138046196
Cholenate	7.472476775900038	7.522829837932374	7.434972912657715	7.434843382331794	7.32608744084324	7.462653849591587	6.8411787365741485	6.806473952142487	6.8376843598289065	6.8087794494419045	6.9264847386403945	6.7721890929428445
Leucylphenylalanine	6.659954353613383	6.800097530906407	6.65255927395861	6.624871188770638	6.744232408843044	6.761648365108659	7.27231745586211	7.257274895027827	7.257813673807651	7.2889608859750386	7.283540785910572	7.25658138046196
4-Cresol sulfate	7.0629437197657134	7.063365726304913	7.116147565377474	7.129445477814491	7.022523914454165	7.076419545618588	7.424139656159041	7.415066642898358	7.429140656179584	7.437800838066184	7.416646245561527	7.380691761831973
Inosine	7.494574972899846	7.541919746337758	7.499523748254388	7.522526047505156	7.496491781321957	7.54637464894526	7.170159137182081	7.169661659034477	7.1507900358910526	7.183938643423303	7.156286150279046	7.207679496520879
Dimethylmalonic acid	7.021283432516766	7.173356934125588	6.888079094089762	6.990774579548536	6.923610109533322	6.8858702839395765	7.440755348044352	7.4428241123044465	7.3978628416560195	7.55658792914938	7.41368694430017	7.409356097746032
Allolithocholic acid	8.44789022899092	8.449547093376212	8.413983610290959	8.440511024703161	8.449167820104893	8.447127301561949	7.700324060983381	7.688464725000769	7.706846045349516	7.814704196037027	7.801900603635826	7.675343801151192
Oleic acid	8.53238897559414	8.54999613021853	8.527991811822975	8.509496544557795	8.518349593916652	8.525973076644815	8.897815348753696	8.897784936840871	8.877324442311606	8.874497571100449	8.886150430389515	8.87754143862472
Indoxyl sulfate	6.473706127460625	6.540230499016497	6.463785052109872	6.567233289344558	6.571235333053711	6.561654080984297	7.229302449600512	7.188528222713122	7.174947256924758	7.20768266544709	7.189397159833851	7.219248346942836
Dehydrolithocholic acid	7.472476775900038	7.522829837932374	7.434972912657715	7.434843382331794	7.32608744084324	7.462653849591587	6.8411787365741485	6.806473952142487	6.8376843598289065	6.8087794494419045	6.9264847386403945	6.7721890929428445
9-Oxooctadecanoic acid	7.451121209282267	7.454510064009669	7.454519909466428	7.468545873363498	7.451894684617962	7.454438888735956	7.758406367207387	7.893989370813709	7.758020106278164	7.856082407760532	7.732279618627039	7.724131888809412
Orotic acid	5.586302455728967	5.801015992385157	6.3642392532514	5.7400439096843145	6.32764424335121	5.883273789944186	7.059986822762238	7.057346827735412	7.033863667634818	7.067197965511959	7.033173211944728	7.073829555288964
Malic acid	5.925957225094398	5.8707406686687005	6.130188681797199	5.884294635647231	5.859249703985952	6.231966024200953	6.672462170253418	6.60830490277253	6.683349802270931	6.689641597591068	6.637039034738002	6.659898408301867
2-Hydroxyhexanoic acid	6.536543716162724	6.601699205359839	6.537523394289647	6.616975604652716	6.582294771626548	6.605865826451997	7.165004255256414	7.147283716146685	7.1677870077027865	7.135302405608182	7.158820611800772	7.130224105942276
3-Phenylpropanoic acid	6.273275680583319	6.259109975944472	6.19178365404708	6.207798054999942	6.266400018941042	6.181956531024312	6.767942679632923	6.7949658860008455	6.783680279990344	6.772857137898964	6.741364087754578	6.771056739186337
Deoxyguanosine	6.702359709796608	6.672331441335884	6.665931286252897	6.693174478451925	6.684885271355842	6.678162969933674	6.053873962822201	6.020789334423544	6.028803428824482	6.070470719193239	6.029992355502001	6.027606079503917
Isobutyrylglycine	6.222647694075599	6.168249040846101	6.160321093842289	6.098821145651308	6.086213008889348	6.063232240562369	5.766479915311054	5.836903538025912	5.726687199568122	5.830920328480427	5.772736998604137	5.818808704915501
Deoxycytidine	6.488708353420779	6.469311389278458	6.472744051244713	6.493944856989165	6.495523591606137	6.481865242951798	6.112537450788487	6.065497984923724	6.121149956556216	6.11579298917839	6.129795540102769	6.071363581956205
Tryptophan	5.990229501947414	5.941654291742869	6.013130770239923	5.982334889571155	6.042309762365416	5.988994012619502	6.572238771009594	6.547054010867774	6.564871742797918	6.5603294853798495	6.582582709077499	6.584725866980567
Maltotriose	6.523677513914238	6.5082369248616425	6.745515160436592	6.543967849753155	6.840921891635541	6.552343598978249	5.765868464214054	5.759746599242848	5.999714688219632	5.759264818976403	5.777544125996486	5.858740201323276
Serine	5.669150206292263	5.589793322160823	5.491880915559062	5.611529068223179	5.73007101593748	5.7061079879712135	6.148647256318079	6.143832889985783	6.171798143923537	6.178037450209416	6.162698224029244	6.201701294530646
Homoserine	6.150990298044571	6.136756765453336	6.137201982774172	6.151494480055129	6.18706985966203	6.157710581457964	6.5264691253351375	6.571582691331724	6.53153615886648	6.5336111458866295	6.541435112340976	6.3902314353616205
Steviolbioside	5.881040000372247	5.812386797101891	5.844988700610107	5.8250046174089	5.821098760032546	5.815348797875976	5.399098554233981	5.352905580827764	5.400667729718559	5.385449213297554	5.337668598440107	5.4012599223830335
Suberylglycine	5.286433088870677	5.285476356905869	5.318430196619876	5.307900441814362	5.3468906519974295	5.331089473295598	6.087808933895808	6.0932082045317815	6.081158365922546	6.087743108200514	6.087680814915289	6.1067511617342
Hydroquinone	6.010873025018217	6.084714483627008	5.966882547584873	6.075390173635243	6.031086967554308	6.134317078230881	5.530181921467481	5.682930274830279	5.633129031396702	5.384421619145828	5.672843304689429	5.522659240128105
Pyrocatechol	6.010873025018217	6.084714483627008	5.966882547584873	6.075390173635243	6.031086967554308	6.134317078230881	5.530181921467481	5.682930274830279	5.633129031396702	5.384421619145828	5.672843304689429	5.522659240128105
Saccharopine	6.080792451077556	6.067728767905946	6.064840368764014	6.0650704946889205	6.077977330034587	6.065281619797193	5.23320543708014	5.200631970076272	5.215212374195322	5.228470954127173	5.199193920213691	5.205550858440079
Glycine	4.678766910734984	5.0130508020498326	4.59712616808388	4.811543880862419	4.595676661054731	4.734590926504342	5.570381487621794	5.562427690080228	5.572967447778173	5.530672006686971	5.563302100201684	5.531476194196215
Gly-Ala	5.978912018559454	5.954150543766744	5.946461158893224	6.0158303598791445	6.0035385767370695	6.002173045971063	6.3747997887863495	6.358490874105862	6.374366590047181	6.37869450258593	6.371536188174689	6.379815457892355
N-Acetylglucosamine	5.8770787047387785	5.888519437733431	5.932201039462961	5.927788847911042	5.933705822586764	5.928948889446428	6.663383456895017	6.673080635706202	6.675217984509696	6.674452210544195	6.689160393603815	6.677781733656088
Aurantiamide acetate	7.03417290806036	7.067277840136106	7.073136334570326	7.420133614268551	7.058960106449789	7.033758577502211	6.4150956607270535	6.497909952531055	6.588048676203819	6.482780923245254	6.47192344654377	6.464345149631907
Alisol C 23-acetate	6.733500030741637	6.721304619183118	6.58748662010989	6.631041974269112	6.660680287437187	6.653225235063158	7.429408362812049	7.38736501957447	7.428972653750978	7.377350675176103	7.416402061161312	7.349276704854147
Guanidoacetic acid	6.114528778705763	6.56172052444249	6.14821880208487	6.147084707520069	6.135201154824548	6.550804256252394	6.709914839202753	6.730642176554907	6.700484937048133	6.707380328154632	6.727946038863753	6.721428214011161
3-Pyridinemethanol	6.499226066636368	6.484218561881925	6.425866631686415	6.483919936163613	6.475694497450673	6.501275235299516	6.066076736602851	6.095255740324942	6.100493316047501	6.130547426079146	6.065467393540826	6.083277381571464
Proline	8.3374829787964	8.350387534036637	8.345427603063188	8.343613018463216	8.336365995876786	8.354410318298486	8.657200709462563	8.67146437896605	8.660893614935553	8.666098208368275	8.66801363663931	8.664877718031724
Maltose	7.077014897050792	7.079609291548509	7.098215297329236	7.117882156246956	7.105793563237843	7.048788340357768	6.394906576773562	6.403494613156109	6.419065964688771	6.384993198934973	6.380648210502327	6.390785581838647
Sphingosine	9.183278453353132	9.179625498436316	9.161849032691	9.170983642203916	9.176822954629108	9.174858972152824	8.869077869902053	8.851368526848985	8.881089441549033	8.864865361144822	8.86691042193619	8.865007157851853
N-Acetylcadaverine	6.078619227177819	6.111779051978294	6.101256499153767	6.098510430295708	6.106731663208184	6.097622456258571	6.857215789638471	6.846778240083456	6.8640929210015225	6.850396565962498	6.865675932987508	6.862235764343799
Aspartate	5.896890590394904	5.854405351830247	5.8086254754820486	5.855677179347404	5.89677877172012	5.842822996155364	6.55218992980214	6.5470854914520284	6.545380086409075	6.531977887574128	6.544305791422774	6.537809241525625
Adenine	8.36360928542965	8.358626356167926	8.419640379989648	8.38084001488715	8.377433624153745	8.370178031167228	8.781196929749477	8.799378131937491	8.786096871899232	8.780227168809215	8.781019836975773	8.824672825156995
N-Acetylhistamine	6.4905194077434505	6.538600719805058	6.509289167369028	6.538589890362394	6.495301894604746	6.547735373157574	7.19971582172678	7.236072034857205	7.216447371364277	7.207219922174561	7.211801489872701	7.196957570739643
Caprolactam	6.3611858432179496	6.229198142589558	6.27202518229868	7.111855671444181	6.159883714180607	6.384817121195746	7.364458311773477	7.424704710903392	7.384730806245742	7.3911880868137745	7.408637310899417	7.374148206357378
Guanine	7.000894482786258	6.988391089447894	6.983129047816652	6.9954203463037175	6.983940366087524	6.974587971377527	6.240774965950466	6.263530600890211	6.270224093989727	6.26795054144168	6.273250866708823	6.2710513019782415
Isonicotinic acid	7.42789128431945	7.420983077626224	7.476411125126891	7.483022842527458	7.50219668266874	7.490441680736177	7.712656469114747	7.826354443826804	7.753135729649537	7.827283494873525	7.796191304195059	7.81675322126146
Phloretate	7.501303051637551	7.5034967427203	7.492530549604483	7.489653309031421	7.490556210497653	7.500257988332368	8.141432508785877	8.154194961576955	8.148197171500748	8.157585154356518	8.145855665871899	8.147333997098437
Hygric acid	6.449090010646852	6.486991565417337	6.5575967509518485	6.558565937604431	6.548882576274451	6.553855143124776	6.940500348906048	6.980857563367925	6.948899228770886	6.938162909174089	6.935985719792101	6.944969671914296
beta-Guanidinopropionic acid	8.23236247705528	8.244458012884103	8.262096731341313	8.261865367218178	8.259798424002044	8.261391515859787	7.636558929440135	7.646172009690286	7.637914043690333	7.631592286084317	7.640712326415564	7.643120244454602
Cordycepin	8.269684119805397	8.243987437150354	8.26374961862818	8.269794727820917	8.26444822088449	8.217660701912948	7.810482970978477	7.838351764048276	7.832092025060154	7.814006958341991	7.837932769367613	7.838335190068443
Eplerenone	7.85512760656236	7.829731960321784	7.82666301571758	7.821504976738025	7.837771353281218	7.762943918071176	8.15068955808856	8.163205221955813	8.164523086969409	8.137837745320498	8.121247270085764	8.182539795794163
Deoxyadenosine	8.269684119805397	8.243987437150354	8.26374961862818	8.269794727820917	8.26444822088449	8.217660701912948	7.810482970978477	7.838351764048276	7.832092025060154	7.814006958341991	7.837932769367613	7.838335190068443
Serotonin	6.06737003889282	6.103135249508763	6.101092643232889	6.114479123611863	6.088172940424196	6.072709771456865	6.505260882305882	6.4986878175698015	6.492471550318315	6.505466915644691	6.512636264185104	6.512489924877156
Lysine	7.171355645582576	7.399442154778436	7.507405484524514	7.479691418028159	7.492876985905172	7.498841246561105	7.764442403422861	7.788637258171707	7.772350580353968	7.792764857448512	7.781313248046898	7.777756597326943
Ornithine	6.346276145702017	6.389866147394542	6.413474082354395	6.459294160921966	6.455283908098388	6.441656026671745	6.746311876017289	6.75555509112596	6.755712771842713	6.756239266948353	6.745806358725296	6.747248666023099
Raffinose	6.527718890438765	6.559442044649549	6.63290908533352	6.646703831254617	6.665327664245718	6.65963206556185	6.306955325429082	6.251421539501952	6.28583549527662	6.274258531236252	6.235255817711367	6.262444483906995
Medicarpin	6.5750989599687	6.348525900758492	6.387791914721735	6.604949281817331	6.194822107353204	6.30944006766481	6.9798167321595415	6.909345358758549	6.965336590528319	6.9414024443699285	7.011900120741465	6.960666108469055
Nortropine	5.403846745772021	5.442755484873824	5.601045539569776	5.4513744188559095	5.346991559046971	5.424857447107671	6.105450793763231	6.118995782071493	6.100808825969162	6.094089923801493	6.104643840678747	6.100623807640477
Phe-Tyr	6.342349896047404	6.366706286516228	6.327455342634594	6.353088968126133	6.349190900549565	6.351221086702497	6.861579572631757	6.873176737481302	6.885774323051278	6.874779066475355	6.841691715280405	6.895757754865152
Car(18:1)	7.622519889050049	7.587216151416756	7.615318504783807	7.634088360514062	7.604251436770925	7.578382397817865	7.015911836501632	7.043780260350974	7.041576972846689	7.03401535192016	7.054218647744431	7.06022985619453
N-Acetylputrescine	6.88287093363219	6.864629451871799	6.85850803895264	6.865553560612321	6.86731287096085	6.874997755994852	7.46724969114809	7.493477838969439	7.503343550746977	7.489842472699287	7.487925714071519	7.49725060974499
Tyramine	5.983905656476641	5.768289092023728	5.774703828996159	6.063230110154674	6.030296187261977	5.781918962722933	7.328930496251065	7.322237741184028	7.326853636924376	7.346503250833711	7.32073711645892	7.328776853560916
1-Methylnicotinamide	5.577709383924148	5.579916827660594	5.606337405358166	5.52253470242386	5.446719735543893	5.019916665327226	8.308107625046096	8.312563618306687	8.315316823922982	8.314958267444148	8.317746579949345	8.3205944767861
Palmitoyl sphingomyelin	5.703592080991892	5.716367765130017	5.704855969167786	5.701482691652084	5.750890836432713	5.757907775123749	6.220059187779479	6.184542613387454	6.22756464676045	6.204295472672001	6.179332812919558	6.189714514441519
IC-87114	7.338326311997444	7.358493764311452	7.309950729640098	7.33975808190223	7.353641154918161	7.364866844005254	6.946014934000457	6.940845649547125	6.950997467405428	6.958760584181466	6.976883330243917	6.929722288369576
Histidine	6.691788623532792	6.777901961990802	6.664567849357945	6.8471626041122615	6.87715294073876	6.863958483185876	7.496178143502219	7.15521484619219	7.51832397414426	7.527704836115202	7.534446232446883	7.311397201367762
Histamine	6.300082501327981	6.278544826351906	6.257606878610455	6.242941174305202	6.243462697071174	6.266355344798013	7.675623331638941	7.677225604050021	7.677525454039257	7.696410162550782	7.689024769215835	7.686225869450306
Tryptamine	5.288959268577383	5.336870860336449	5.203796523249462	5.427747199611596	5.315224489812417	5.402852299343041	6.870707321271369	6.886223132162892	6.844620351647964	6.88368875692956	6.860820504714346	6.8648243046121005
Cycleanine	6.498167403953714	6.468436897815203	6.538822102888805	6.762510620817953	6.4987336909697095	6.520213302180571	6.0651932346332496	6.29207456385074	6.106039451062699	6.100380190694234	6.140366558844111	6.15788413125272
2-Hydroxyadenine	7.000894482786258	6.988391089447894	6.983129047816652	6.9954203463037175	6.983940366087524	6.974587971377527	6.240774965950466	6.263530600890211	6.270224093989727	6.26795054144168	6.273250866708823	6.2710513019782415
Prolylhydroxyproline	7.699165303869829	7.620447843709411	7.6120561431070035	7.639405002573332	7.629039142530153	7.753245431881374	7.207923881227839	7.213661833014303	7.219175563367943	7.218519841461712	7.2178674512724195	7.219255738807358
Linoleamide	7.223472873387127	7.183424028828711	7.196702874766948	7.184268817930451	7.192824709717617	7.187235913352359	6.85792481441785	6.8263070183681	6.882115270684446	6.837433764534171	6.842373484505157	6.830647150630531
2-O-Methylcytosine	6.146481541703808	6.058238354048189	6.041588020492245	6.0200003451567055	5.998505712765826	6.036685903943251	6.334877710318581	6.336353365868231	6.309611887897358	6.528251361401822	6.312875216137397	6.32166905151302
Steviobioside	6.121521690220996	6.039928994049822	6.020441041311119	5.933611006194283	6.114173568992691	5.876084541051625	5.114647618556816	5.1042110199221815	5.44687304924494	5.1603816896894745	5.332937064298318	5.361326777616502
6-Oxocativic acid	6.90311663362608	6.831544734577557	6.811878233943504	6.914317016607173	6.831947423342302	6.819555213558924	6.556303416762312	6.599369587725287	6.490904395115988	6.475750780592642	6.410711998026613	6.577274414442979
Atropic acid	4.873553006930693	4.972068017850828	4.992732800021569	5.104070406008783	5.075295374161105	5.023170886981389	5.38478321167053	5.424134663947537	5.443763668666175	5.40820921045418	5.369352882751732	5.34893484339929
2-Methylglutamic acid	6.422478247514484	6.33316188284358	6.372188482501961	6.414626779774965	6.4039985308344765	6.398166888877913	7.522342758900191	7.540341486246213	7.534995811779539	7.525300078332832	7.524986678823403	7.5278889913757565
Ethyl Salicylate	6.551053434502083	6.572015199329397	6.584111285700077	6.664868301845715	6.578235296914015	6.609614512423343	7.1676608408823705	7.569096135520969	7.566907447226023	7.175086527681717	7.561987657142041	7.1807541916801245
9-Hydroxynonanoic acid	5.787063098166542	5.841065755775773	5.833359920952168	5.797850493098944	5.832773384740747	5.798379791696848	5.645917437383663	5.280855632108096	5.432448881394408	5.489389743011122	5.343345441747835	5.427507946938106
Allopregnanolone sulfate	7.050804829782248	6.949193249902597	7.0040130366303375	7.008863855614103	7.03406401573897	6.96110877228	6.580500084702483	6.589878122556293	6.5749798853275845	6.573016196579242	6.533402156240713	6.541037990520346
Nabilone	6.634102965277438	6.552938718009071	6.54117359629232	6.636386593344883	6.589820429297733	6.618802912631043	6.27927172674369	6.282988042925752	6.275170040418003	6.241996155346116	6.245916578605098	6.236756316165782
Androsterone Sulfate	7.067249076552557	7.007849667017756	7.0676722895285256	7.138600857389336	7.064179283633924	7.064202018029653	6.434586453954793	6.481253901076816	6.404542659238438	6.509455904326472	6.389758613929293	6.5262550097644345
Lignicol	5.612622656462813	5.509356758993571	5.571406116884095	5.646543411752781	6.143035427579011	5.63945577811246	6.111795525525958	6.142787559438691	6.18153355905404	6.175657275609714	6.147750430152741	6.157706941986687
Xylotetraose	5.615494491352946	5.615031687440339	5.66361999567116	5.679854381987064	5.6994624560181055	5.710130818428337	5.276570827862623	5.199798592473911	5.193227917365928	5.54666203630096	5.248660099437349	5.240030233870847
Melevodopa	5.838560927622585	5.790175735749489	5.824428821303537	5.823171031146395	5.791902847843045	5.785540368265349	5.576482733553029	5.26237455542038	5.552423160564253	5.55637884202553	5.389597367687583	5.563530719552761
5-Hydroxydiclofenac	6.2501308852498525	6.248225159757166	6.21841413343966	6.271466322941087	6.250387887248254	6.236314329823815	5.805341308287714	5.826654651548718	5.79821122839918	5.788876029570328	5.804428947105969	5.808953142420984
Auranticin A	5.843685313528352	5.821103990214712	5.923299485880532	5.924347317314907	5.92189016826863	5.920964415374733	5.487270366534381	5.426012808243208	5.467031366684841	5.499999572908188	5.492921731280121	5.419951408647225
Tricarballylic anhydride	7.2109521844057	7.171635064300101	7.216990139112366	7.2040708592706695	7.210930370336264	7.1632046157544975	6.520011815470664	6.6948744614448445	6.713521169899934	6.532717285637401	6.505266041250263	6.724148339364325
Pentalenolactone O	7.147541628795859	7.098458739605344	7.142819338927286	7.153240272526407	7.147496623562363	7.0946185780981565	6.095280686672164	6.064915826190867	6.090066900452615	6.067343394104798	6.0782863275496775	6.046589805632881
Allose	7.515123453920369	7.52361719527628	7.496495750471684	7.512768746616747	7.511029812028755	7.519801105974575	7.080025215083162	7.098696352233455	7.10803923038346	7.106883520742873	7.127157577763395	7.094269504012457
Isorhodoptilometrin	7.029194786328609	7.1255147027483785	7.215252177024577	7.190801279750846	7.171666463966567	7.154780763001197	6.766412335809056	6.797687050614607	6.763006993148396	6.786619272866886	6.814968780544491	6.810596151931937
Risedronate	5.480767937628792	5.409765534086614	5.337785920664757	5.337538878629941	5.305961681045816	5.398004476472053	5.730120320392594	5.761001378385267	5.810063932649111	5.799594270693981	5.815295944752274	5.788221509532989
Rubranoside A	4.914369446929154	5.111399858026319	4.433911591406858	5.162045705860465	4.931612327036614	5.073087687085125	5.490648169290106	5.489283149012368	5.522917682713629	5.479550712562772	5.441819388879996	5.491908113243275
propachlor ESA	5.542142163779991	5.524037963146036	5.526379047190367	5.439043150676613	5.440432209621791	5.440953264975604	5.825759888107441	5.833362028816036	5.794792144873697	5.779177729091576	5.750198979304253	5.767782538029786
2-Oxopentanedioic acid 1-octyl ester	7.084208533944491	7.055085868534103	7.053984007706049	7.040429476820018	7.059207143984276	7.051033841838863	7.38670865025083	7.351118710653152	7.376447419707747	7.403809489816257	7.370695848750428	7.366747891771316
Altenuene	6.791512900937388	6.823774489056652	6.7427249888139045	6.782735814783016	6.819736772132554	6.746616093727519	7.147708087642054	7.133676654237784	7.169385159903303	7.185497039797259	7.160318402629659	7.148593516503231
Atpo	7.652242247143787	7.649532501739168	7.653377531936762	7.649664804545416	7.802775775865052	7.641194057861924	7.213247342385456	6.884072011604196	6.880785562070748	6.878407243775979	6.86386897453645	6.884558430507152
Cycloolivil	5.700136320896396	6.201931767630221	6.057073832074478	6.255245265883177	6.273659830259166	6.23827727569435	6.84471100551595	6.834275995162902	6.842182209972092	6.860916375744044	6.844091840327467	6.887561084381459
2-Benzimidazolecarbamonitrile	7.029011516236083	7.051178824567915	7.03974743367154	7.032447447605236	7.0474056623794725	7.063923442867942	6.582987602082931	6.6362576401326185	6.554274540917222	6.569861537038968	6.58491745753155	6.687175789689981
Nitecapone	6.394635561542615	6.437740011717989	6.396573386875477	6.385164225713872	6.3630427958371225	6.322011615217403	5.6254830121961445	5.992832257692638	5.965446325311409	5.949801552146626	5.866897365413063	5.955830792646009
Glu-Ala	4.921170252460706	4.789194749638362	4.922853362721213	4.940095130271222	4.985491160941836	4.955362204197645	5.475140189162164	5.456203623355983	5.523911347531203	5.505369001886929	5.527810462764967	5.497511358791207
Desomorphine	5.785249118157239	5.80405564700446	5.832102988350574	5.80327284258529	5.794701489045687	5.795262623401341	5.232105245286765	5.23363608567744	5.224700206470062	5.225001940090875	5.245465685095166	5.246326751840601
Axitinib	5.786651646468523	5.803219179112723	6.038861381621218	5.798211481561036	6.009879708477878	5.760285245676011	6.230144369989136	6.240457712650983	6.245034429281187	6.247975143970068	6.236239011401016	6.251724035662811
Piericidin C1	8.124896680899635	8.112698953681273	8.069830730783737	8.062950407601475	8.079849212768336	8.134515253198046	7.4953081023152	7.458354581081429	7.477156949008434	7.442344167004498	7.489300885374845	7.421105241542123
Lovastatin Acid	6.873028381250284	6.908851546194349	6.893704406123	6.924784826264562	6.866581484047413	6.8907390929597545	7.240037545703728	7.39140424185047	7.26885833086687	7.255687153629738	7.248923458989116	7.288437411294253
8-Hydroxyamoxapine	6.801752329954032	6.819408809879213	6.755109446803904	6.782567399801404	6.734153926245091	6.764551609838601	6.422646377732648	6.318213741002526	6.320526392327476	6.3269032075936655	6.117349845693076	6.323816835036388
arvenin III	6.722743614196368	6.726343351301618	6.709576192232015	6.746256003249363	6.662036476988471	6.723251140890279	5.827152722128755	5.7801803502290525	5.607627316274691	5.639198807555519	5.883110091339463	5.781501149276473
Pyrithiobac	6.227577383291845	6.323249579857946	6.22900231658684	6.313192188468533	6.219834364697264	6.290624810660518	7.527585671911179	7.504931533231228	7.534781336794165	7.502931564643461	7.520417596939615	7.504608204583206
Daphylloside	5.874313585970323	5.848698050446154	5.831799794512204	5.845912238392097	5.840143023065759	5.795971954045736	5.426002148516703	5.375667107729901	5.452306525523494	5.471868249715942	5.426865607441581	5.40132894926955
Isosilybin B	5.83378594387791	5.93123023658235	5.7536610332726825	5.752443804149887	5.710619983607512	5.801343499974676	4.95434705560282	5.001630203298872	4.9415743157777445	5.021160741389931	4.941599933833926	5.104874556530166
Dilauroylphosphatidic acid	6.404261007233517	6.40226394179398	6.414987282989418	6.355051306196421	6.4358337584523575	6.384851832500065	6.076010451822148	6.003642140901999	6.016804581859972	5.803394010476162	5.777548606209248	5.884462258023175
Chrodrimanin B	6.412490823789083	6.416586632469775	6.437533554238399	6.397340148133114	6.41010415601585	6.398699989059203	5.673626186224269	5.789146036368442	5.738021622512725	5.73194469150424	5.719478000058149	5.6648213420105815
beta1-Chaconine	5.7955706071756765	5.746970252172501	5.796216815636109	5.80947523282962	5.785657973989194	5.778127105467314	5.1818362411821495	4.979059920010009	5.222275934135256	5.109945683311303	5.171739513980259	5.038191462223988
Diflubenzuron	7.340026243022049	7.097927407977249	7.145546465894115	7.102912204225874	7.091511057357801	7.107372217666909	6.319630510005625	6.149511864159411	6.230688591556052	6.288538728045621	6.664362149115428	6.315156828824729
Hexacyclinic acid	6.283165653469552	6.2537950510766445	6.279002842420202	6.277031347357415	6.295330662859786	6.2435601192204775	5.8738724392073465	5.888923824236107	5.910847260492161	5.888020974830246	5.965422708609415	5.868480467177573
Psoromic Acid	6.870013425429796	6.952981484715814	6.982614196819264	6.923106908109196	6.849723949524289	6.573146186397789	5.970389481162819	5.985442786185021	5.910132593925125	5.929624615131205	5.967584236147085	5.955444240251079
Arthrobactin	6.588391622715261	6.589637790223579	6.510442440235098	6.52210929675225	6.581884799502761	6.6305681091162	7.295192001746882	7.3099634500044495	7.35126066744896	7.302229812489506	7.193518249135532	7.181915954048204
Verbaspinoside	5.14062851521497	5.123497701109365	5.149957770385908	5.143290365652109	5.151336719363016	5.169786066625409	4.4709568256006165	4.371018094255097	4.373354295070429	4.508153938918746	4.524694869547369	4.486274772615662
Fludarabine	7.026350756611537	7.018399033880474	6.998884367226609	6.991000995495834	6.975640182166928	6.985254435657812	6.41970630583987	6.356727728625161	6.546737737898779	6.350796488096851	6.397674361299911	6.325082628318665
(-)-Bilobalide	7.223984981152372	7.262096961054526	6.976232932810247	6.917968456437751	7.143785573759548	7.206921309258901	7.47082533996601	7.315057665345232	7.504562232236504	7.452184177417799	7.514665816149699	7.360122235990098
GD3 carbohydrate moiety	3.0	3.0	3.0	3.0	3.0	3.0	5.28450476921418	5.269036773770164	5.300362135653488	5.268677582982868	5.250244602802393	5.391851325060375
Cholylaspartic acid	5.421402771597426	5.474733601728362	4.798346952204136	5.058841762036595	5.434698470440079	5.3815507476448525	7.175687307711304	7.060474532124507	7.056172328164342	7.062619340031218	7.211640160399029	7.0673400632826375
Barringtogenol C	7.318566212545988	7.4171127727954	7.379783704834302	7.336161590472876	7.407428411327943	7.3667829545554	7.027480393492652	7.019374294827923	7.062552519433869	7.118194417817366	7.110363152893889	7.017973762967269
alanyl-gamma-glutamyl-lysyl-alanine	4.506641103133292	4.545001995398321	4.62981406961021	4.65539439521446	4.596686258304495	4.685663225256207	4.189999554904542	4.159946723343305	4.392502324059648	4.391877542779687	4.220676445228545	4.392176919480525
Varanic acid	7.309893382363801	7.517258892998107	7.2870478762671	7.60887281367773	7.582294624663092	7.309602395249453	6.845028695948343	6.979267307001779	7.033001151518417	7.144528937341047	6.835945159291357	6.945818801657533
1-Methylhypoxanthine	7.401681026695929	7.412172948486003	7.449394916465689	7.462046890118885	7.43258898865409	7.413637896279005	8.073230678829786	8.094473512883875	8.080170630829205	8.069312882612882	8.084522180200915	8.092130073765816
SERGLIFLOZIN A	5.44187636946202	5.208846154920211	5.430758460193542	5.477005146719715	5.631522316846688	5.660838398184066	7.058755057710551	7.07523812531191	7.076357561964425	7.078869313029338	7.091397539574652	7.05969435370526
Kaltostat	5.5048149499554055	5.474487053487634	5.4975394528756985	5.47957699119289	5.522908023389337	5.449232808395763	4.908922973118746	4.9638138928416415	5.068497175499529	5.280597658340444	5.278313434530309	5.295063841087567
Pteroside A	7.577580276285455	7.608044426891429	7.532283213297337	7.55410566006461	7.552119681990843	7.540667182399947	6.94888121559833	6.950158477777082	6.959714643748019	6.755161053631523	6.932675648070287	6.923028160287923
Dodemorph	8.854826139414996	8.835152367396791	8.834521575968015	8.836329884950038	8.840238649544887	8.832305558420734	8.526161419613866	8.50818034339762	8.55413911701979	8.529898295727032	8.5313598750107	8.518988416181642
Tenuazonic Acid	6.947854672373352	6.98124928476344	6.952936041506225	6.966908894929039	6.97321381595463	6.975360581315158	6.448941367352017	6.439585456468301	6.431639698421552	6.45567289455975	6.452849480541755	6.358726094103136
Ala-Ser zwitterion	6.383757089612256	6.371974655140178	6.394492679113844	6.444005752657235	6.409426545611534	6.341634285693717	7.073063427651473	7.103467661182096	7.099267305606836	7.082189288021862	7.119054344469822	7.088861343343189
Pentylenetetrazole	6.912598880063207	6.915285316374616	6.916037628481639	6.909513136459035	6.909506989176931	6.904767670604924	6.245509340147109	6.259288800864227	6.263237352065394	6.232170208704244	6.2695351048593775	6.251040967850538
Acetophenone	5.882551436470475	5.876635173325233	5.782404313894587	5.805103567074394	5.851434531265457	5.753253530798438	7.459912659602415	7.454751031483389	7.459454832505181	7.480027035279836	7.462327421648638	7.469271052379452
Phe-Thr	6.430545345936781	6.488930651634842	6.333137283950108	6.375904167433038	6.36260447146327	6.364120919527441	6.700487281276481	6.762542147764267	6.726590758662718	6.728075899875267	6.723005355971213	6.776393406298064
N-Methylpropanamide	6.846259460755253	6.508993729842982	6.472556674689742	6.398333893272698	6.668963176601143	6.361720208710048	7.634539173465006	7.644049416098854	7.661695272424195	7.651968979098271	7.6338533974274	7.661138087170202
L-Serinamide	6.727050239069871	6.7351652084341405	6.7412569218373255	6.740448599285625	6.764990968217431	6.754478188217875	6.30906551194197	6.3454955087741	6.300779348481829	6.292883901106161	6.304796985488077	6.329344776579488
2-Hydroxyfelbamate	6.488882040618568	6.389887676501549	6.721172091205395	6.415814807816079	6.37275074084936	6.511052339417988	6.830366144898635	6.958911604108003	6.85818300156545	6.940650787979889	6.841451711687102	6.867264217048597
D-homoserine lactone	5.980934042321349	5.976579026500345	6.112175902090961	5.631816982644138	5.820872559277913	5.939065673642145	6.160621407096048	6.214368085204487	6.212424951606748	6.388204996198386	6.28581334449739	6.434394475712893
Palmitoyl Serinol	7.147328067599725	7.146069739971501	7.129251986945171	7.146134430680825	6.997867692804791	7.012789920866203	7.593791778093931	7.614792608007261	7.589376879589538	7.53611999835668	7.614765318308016	7.57337249126528
Tofacitinib	6.084276860267534	6.108654777813026	6.087977489710921	6.123729448360328	6.102072555383303	6.134998582926447	5.518783405024916	5.688148088745776	5.470648657684438	5.559260641796271	5.5523010740701695	5.461978277117298
Phloroglucinol	6.188418676698028	6.105820617345119	6.064619394795621	6.236882622863737	6.578552488818668	6.0204912587925365	6.788952451512	6.780600691776784	6.877355939397485	6.887889297429106	6.796365401382753	6.787571302942276
Galeterone	5.065320836572716	4.987832566632712	5.080050936329058	5.011909889034774	5.057973908029137	4.98234275946094	5.896457825733176	5.936158065234237	5.929035894476639	5.9303235029964565	5.944662064720661	5.926856283435995
Emeriamine	6.019832443904902	6.027142862552051	6.027587420235759	6.003863646537964	6.021649885338112	5.992102107885579	6.52110255906437	6.534943355082588	6.517085151569803	6.515678494448366	6.535955516279085	6.532732353561831
Lestaurtinib	6.389595566644273	6.416622988319105	6.500048555407029	6.572789079374302	6.56994630337062	6.515336670415322	6.141764787630549	6.158896337744402	6.152119461296547	6.109444981779279	6.206947786230652	6.1465832276744
Monoelaidin	6.129726600888032	6.084389220086951	6.04780691540196	5.964881392413752	6.109639213727351	6.011420799201726	6.66804104062623	6.670859376988818	6.644392688066612	6.687872412804918	6.678697647925153	6.631361748913791
Butabarbital	6.464431027846134	6.444939313908972	6.472005981246494	6.467846468889651	6.4537779640348605	6.462584325630408	7.032683707089037	7.097223173736798	7.03128152213715	7.017584293965108	6.969205459501296	7.049597971800948
Moroxydine	5.769888526658452	5.785630267594334	5.782584018855431	5.735602584290944	5.864744368835304	5.745046665302618	6.208052700797032	6.175240157076471	6.213395768482377	6.199114273665524	6.195814378756474	6.207723541596691
Ametoctradin	6.339029275990615	6.327931108997442	6.345149058287995	6.426069323103999	6.44570857702794	6.448332634657592	5.887356998074278	5.885618462871937	5.929504434378255	5.865011522903242	5.888055692826066	5.911056879133716
Musk ketone	5.95756143841043	5.982324363330549	6.329844638279065	5.9972075355706975	6.065928272349871	6.07650606137639	6.673500400810272	6.479452175918693	6.460430635313412	6.458972868274534	6.46765945369615	6.476803801348181
Pyraclofos	6.621080778548027	6.596885583666651	6.614006153089573	6.597406475978279	6.600823138532217	6.559941730270563	6.117281805835851	6.166292110717642	6.150154587804451	6.165597492707357	6.173148709159392	6.134033895505359
Docosahexaenoic acid methyl ester	6.934367042608858	6.927123723446139	6.979944363209009	6.961410328702156	6.934888569338168	6.980582822303465	6.047255594892858	6.0640582462243255	6.024792180757565	6.042055153276899	6.201287350975873	6.075740171423872
Meiqx	6.801530371129476	6.730487835282012	6.808350605815218	6.752234108859837	6.754177366500844	6.796948566635849	6.41844155292787	6.401114146287685	6.433801752299001	6.4349234004041485	6.42866180892498	6.417649681383418
Nopaline	5.722424865560098	5.801298293255157	5.827277443431794	5.826589091807542	5.822826543771192	5.84844976604727	6.137981105848764	6.1469488555969445	6.107749853033066	6.1052025789652	6.136772632358903	6.138180874189996
Ppack	5.663865876940124	5.716860164767316	5.761396725497281	5.725659904091571	5.8447823143066575	5.734815613380197	6.669680570822781	6.686289541822314	6.678112172425038	6.682155155862211	6.667569564823513	6.666268820494136
Threoninyl-Hydroxyproline	6.442136113946264	6.4454808204291085	6.451704924569997	6.431749560147885	6.444736006851066	6.467920941185605	6.108627620247559	6.097307664594566	6.111932856996516	6.151749082340335	6.1244991031806135	6.247820233444666
Capivasertib	7.150704652057541	7.162430086562129	7.171762848963972	7.174621617983428	7.181399887267839	7.183436288859941	6.251875700458311	6.235572665728702	6.257368699885467	6.249993866636039	6.258536046676903	6.266401964877043
1,9-Nonanedithiol	6.715681494224745	6.705282858824942	6.688453829688319	6.694906197235404	6.734603356007367	6.67609577386528	6.1898347643975	6.228043963916428	6.1993838351491695	6.182022685797974	6.170083219092491	6.231596328696597
Methyl Oleate	6.139502922562862	6.056782832117183	6.14322266098133	6.074469616569814	6.180027676076976	6.179320150264215	6.739458972698594	6.746829256527854	6.770312999691584	6.7938373639552	6.770263628384763	6.775077276981648
6-Benzamidopurine	6.299112452015288	6.337445936953112	6.442919476287549	6.30098730285311	6.295984918129076	6.367597718272639	6.708400463423931	6.711762647427247	6.725726972369051	6.714777408123148	6.733254134651365	6.70427315121433
Aminocyclopyrachlor	5.973985121205343	5.97262923099156	5.902534240247807	5.797909903310626	5.816709354353468	5.812897663693974	6.35477722397515	6.377921026174592	6.386923350178948	6.400374565247343	6.403486314613734	6.392048367353416
Erythrinasinate A	7.074467412316408	7.098461069274809	7.099974528114267	7.079257343217157	7.090105091647504	7.086439757190399	6.466657377058718	6.5527119464449255	6.43064584954056	6.452229907009923	6.629620099400792	6.593742710579622
Proline Serine dipeptide	6.668391964492307	6.852876102820958	6.678285425939929	6.86306027664278	6.695174485997474	6.792978817721808	6.182157160570482	6.207449672414195	6.221739567502741	6.219060872812963	6.381118264070535	6.208390055226384
Prolyltyrosine	6.646095477899463	6.636600623398634	6.650833667009619	6.663389213479386	6.647036739433775	6.605535307776873	5.774677096086396	5.820051165955235	5.796184077454232	5.824473510714491	5.767377910917902	5.788854839646438
Fenfluramine	6.385661801369902	6.424885308721636	6.457402321249334	6.470756983506059	6.480458346577382	6.474803894157487	6.117902584237283	6.098237077397217	6.044966191610639	6.141950162526847	6.154818041044035	6.162623873490084
Phenethyl rutinoside	5.393015286746325	5.330060388982687	5.413305043868921	5.407702197445655	5.459850324612842	5.461863107139554	6.6218801288876445	6.651308115063847	6.641912081444858	6.626845048157188	6.638333591047515	6.664751334484205
Difenoxuron	6.360417761734952	6.341346291318873	6.352888752151578	6.359911170057807	6.352784285581304	6.356588649486336	5.547369962942581	5.59848937688596	5.6603876609105015	5.557983918397763	5.658049176171007	5.62367634582778
Nonanohydrazide	6.263948269986969	6.252202713016444	6.26372341259366	6.290138518235859	6.294726974004214	6.254406770481591	7.051632713049779	7.081900313383114	7.0778953428434095	7.062429562229267	7.084474577579521	7.075712343080972
Aprobarbital	6.433274933855008	6.390493334940508	6.357263232635461	6.43009798137551	6.420419212218292	6.432635306680076	6.738132505270026	6.743328950060685	6.644093961939422	6.70214065807471	6.70434188306251	7.037663848411487
Desmethylolanzapine	6.767621064216065	6.783365178755113	6.798035146595292	6.81000540600768	6.813785724759716	6.793029101791406	5.889188382780707	5.898975246885345	5.896067370317351	5.737779610179786	5.710256662848944	6.047030740882862
Nagaba	6.453743289270555	6.772019577460358	6.472245793476846	6.485438303513038	6.492164604338336	6.459873916071985	6.112408107708755	6.153554297524519	6.137711553583574	6.160790072376586	6.130045378203777	6.1401859851648375
Withanone	6.386046560976758	6.3297390695708975	6.4282144106525925	6.421820455552074	6.38823719988637	6.390728957943909	6.011955273361632	6.122840450127973	6.064622324254151	6.085782656901877	6.071690511199462	6.143784389979288
Curryangine	6.58610979204119	6.563188415967	6.53677605982147	6.544937861138449	6.537124715292985	6.551547268744787	6.1989743343437365	6.135933726128081	6.172511346095133	6.097574398565251	6.178199081453896	6.171665159070754
Isopropalin	6.475008067132025	6.414648331961518	6.430297529121088	6.407263336519894	6.4046922943772975	6.376613935929858	8.615951308920513	8.593559342298281	8.613984537023388	8.62357957843028	8.616312011711676	8.667570383453679
Heroin	5.60848325622548	5.680696652094405	5.697958246020851	5.725733924487906	5.731326228738334	5.783203922289644	7.036289158763628	7.069002734510153	7.053708260045088	7.048205704340325	7.048529803371915	7.061867877805577
Calmodulin	6.948513854319151	6.91941593251225	6.932381145996245	6.939412906181896	6.918491424632376	6.924336261527132	5.724733758865029	5.739642986500487	5.735065815958314	5.6662171676604665	5.799441016730428	5.804142990247154
Methylnissolin	6.087066118698809	6.181005197258654	6.128019257701904	6.150888081989498	6.203792410103574	6.134477508194805	6.88888827691507	6.9947082421084845	6.90130093765006	6.994375166304578	6.896292387967077	6.998552704891947
Melleolide G	5.4161026986818905	5.603081981504008	5.721040751057319	5.715532067821468	5.675598210220291	5.664406952727845	6.181812988497786	6.194582639233781	6.2082870068758895	6.191310994155045	6.217382300876971	6.194952476022704
Tetraphyllin B	6.779310459445327	6.873216527605431	6.748640677892099	6.813820912970031	6.919779292467658	6.868036508898928	6.3860563428729815	6.398606047485397	6.431639841419678	6.407508314478514	6.404997307040375	6.465446774878579
Abexinostat	6.723596255903987	6.661522810938489	6.67092985642929	6.82111197855137	6.446816809876071	6.743196429841723	6.276261562560316	6.215855696244953	6.255082433360104	6.259646371524991	6.24561290249249	6.190072249018401
D-Urobilin	7.140698410352739	6.802489496253028	6.877085731779116	7.115536821561775	6.794379181412846	6.765576378924702	6.288129847386234	6.285899104357337	6.238812926242361	6.617911355357079	6.251572612846366	6.570783106695685
D-Urobilinogen	6.807937763381765	6.7383301526494455	6.838954815844938	6.940273639261079	6.985005092324737	6.737879058957134	6.358731807515485	6.262697895588241	6.369170699804558	6.326476490657458	6.297915302260968	6.379189709011079
Ethylsuberenol	6.838092609506582	6.857387514367237	6.921414468589343	6.909358987735176	6.81939354456817	6.917919236858633	7.277149545205224	7.267601145786056	7.168720623362955	7.2697271060905635	7.278559858551624	7.181884192720537
Piperundecalidine	7.258754543301018	7.189817465557348	7.270001549845665	7.224579390921276	7.207440847289289	7.236543067155408	6.866338786769586	6.854175780198158	6.857665957082043	6.938473811478602	6.907852742346717	6.92151693325116
16-Oxokahweol	6.36042328199572	6.352568808897106	6.257991795413781	6.341942830657467	6.280347053290173	6.286757425430421	5.6231091911155415	5.3592324762107655	5.6536915388482	5.722156665651254	5.5986957885827895	5.65165153347706
Antibiotic TAN 1446A	6.17856207464131	6.199892656332683	6.141137430194073	6.181358845828477	6.163883413597074	6.187308278182632	6.826871293822864	6.837267424779457	6.83047400434093	6.7992314487360375	6.8172709598466135	6.811811827625052
Etaqualone	7.437048967841458	7.467427964495585	7.431944485585774	7.420323143930098	7.6105199928817395	7.63555054647991	6.332984198855017	6.33423173310194	6.321233757992735	6.319746887498766	6.331979979106648	6.3161285132380325
Spinatoside	6.075888544959196	6.034518903749226	6.0523926241320645	6.002751012443337	6.005260801948696	6.042997043259392	5.513978090309766	5.443549623554191	5.301275132428182	5.201042855745425	5.32308814514596	5.2494970287648135
Lafutidine	5.5352194953386045	5.540375899769486	5.516878111865252	4.953539665595321	5.581032373072572	5.537751116523938	5.942981448522199	5.943862521050622	5.954883258545844	5.928543613195948	5.953194854135657	5.93466929555283
Artocarpin	6.203408527577322	6.221318391637812	6.218865799357083	6.24885963022433	6.253537428662895	6.265276275791026	6.017098247012592	5.726007129219316	5.736941232543957	5.745081687737765	5.856699350266074	5.762120963272373
7-Aminonimetazepam	6.746436097223174	6.720951332092691	6.746824704125783	6.754875443923157	6.740264438675478	6.729278488455773	5.868270050638472	5.863723675676062	6.013747342095951	5.866806843784353	5.954050946888431	5.893166114685754
Anabasamine	7.970169762945937	7.951391740784901	7.967177782095873	7.944436499348468	7.949852513285959	7.940195496146417	7.184527699335868	7.168155889255159	7.1689420899089455	7.173053497140435	7.165568407508456	7.186785659157236
Mantabegron	6.65178805097104	6.612586300472338	6.614351342937431	6.62531034386083	6.641108355644807	6.649822734096427	6.047215236970669	6.146641950269181	6.03042229001584	5.992987324336279	6.160028747863096	6.129692337111837
Ginsenoside Rh8	4.8368881346798265	4.961671400473758	4.924625704378326	4.818484304203536	4.795647540279517	4.900629718677182	5.312329459891126	5.376343087671206	5.387507431602318	5.377531772525447	5.439915902272845	5.408901450183564
Zolmitriptan	6.532913500797018	6.559763406782962	6.537115491834187	6.559994108646416	6.557561690127349	6.568158633671974	6.169192028028759	6.181136528845324	6.183876783286694	6.200580646616646	6.204197458946791	6.160320294127608
Isocarbamid	7.3983166480527345	7.171621721269353	7.178109857575988	7.185657580547796	7.193031626852737	7.165208693834624	6.6975887200153466	6.672534123432874	6.707453237020264	6.711733410883096	6.715537370597169	6.700931401635691
Maslinic Acid	6.536570604532638	6.533797717106451	6.5282068034810194	6.545144234088319	6.528017777669741	6.616814220319365	6.143730140482651	6.200099557526093	6.208078049791304	6.094895320270488	6.414339488678729	6.18487491723599
