ARG types	ARGs name	Number of ARGs
bacA	Bacitracin	14
mexW	Multidrug	6
MexB	Multidrug	6
mexK	Macrolide	5
tet(A)	Tetracycline	5
MexD	Multidrug	5
AIM-1	Beta_lactam	4
OXA	Beta_lactam	4
MexF	Multidrug	4
sul2	Sulfonamide	3
tet(G)	Tetracycline	3
Pseudomonas_aeruginosa_CpxR	Aminocoumarin	3
cmx	Florfenicol	3
ere(D)	MLS	2
floR	Florfenicol	2
CRP	Multidrug	1
marA	Carbapenem	1
baeR	Aminocoumarin	1
emrR	Quinolone	1
acrB	Multidrug	1
qacH	Quinolone	1
macB	MLS	1
acrD	Aminoglycoside	1
tolC	Multidrug	1
emrA	Multidrug	1
emrB	Multidrug	1
APH(3')-Ia	Aminoglycoside	1
emrD	Multidrug	1
CMY-LAT-MOX	Beta_lactam	1
RbpA	Rifamycin	1
lnuG	MLS	1
mdtH	Multidrug	1
vanRO	Vancomycin	1
smeE	Multidrug	1
MexE	Multidrug	1
tet(B)	Tetracycline	1
sdiA	Multidrug	1
Escherichia_coli_mdfA	Multidrug	1
yojI	Other_peptide_antibiotics	1
msrE	MLS	1
AAC(6')-Ib7-9-10	Aminoglycoside	1
sul1	Sulfonamide	1
CatB1	Florfenicol	1
mdtC	Novobiocin	1
arnA	Polymyxin	1
mdtG	Multidrug	1
tet(L)	Tetracycline	1
mexI	Multidrug	1
KHM-1	Beta_lactam	1
mexQ	Acridine_dye	1
cpxA	Aminocoumarin	1
mdtM	Multidrug	1
mdtL	Multidrug	1
tet(C)	Tetracycline	1
H-NS	Cephalosporin	1
mphE	MLS	1
ceoB	Multidrug	1
aadA-ANT(3'')-IIa	Aminoglycoside	1
OprZ	Aminoglycoside	1
QnrB_family	Quinolone	1
macA	MLS	1
aadS	Aminoglycoside	1
ANT(3'')-IIc	Aminoglycoside	1
msbA	Nitroimidazole	1
