Taxonomy	Phylum	Number of MAGs
g_Pseudomonas_A(19)	Proteobacteria	5
g_Pseudomonas_E(31)	Proteobacteria	5
g_Acinetobacter(7)	Proteobacteria	5
g_Pseudoxanthomonas_A(4)	Proteobacteria	4
g_Thiobacillus(3)	Proteobacteria	3
g_Cloacibacterium(2)	Bacteroidota	2
g_Nitrospira_A(3)	Nitrospirota	2
g_Exiguobacterium_A(3)	Firmicutes	2
s_Unclassified(1)	Unclassified	1
g_Methylobacterium(1)	Proteobacteria	1
g_Agrobacterium(4)	Proteobacteria	1
g_Acidovorax(1)	Proteobacteria	1
g_Rhodococcus(1)	Actinobacteriota	1
g_UBA2250(2)	Proteobacteria	1
g_Achromobacter(3)	Proteobacteria	1
g_Cellvibrio(1)	Proteobacteria	1
g_SEOHO-28(1)	Actinobacteriota	1
g_Tolumonas(1)	Proteobacteria	1
g_Fluviibacter(1)	Proteobacteria	1
g_Lysobacter(1)	Proteobacteria	1
g_Citrobacter(28)	Proteobacteria	1
