Gene ID	A1-1	A1-2	A1-3	A2-1	A2-2	A2-3	A3-1	A3-2	A3-3	A4-1	A4-2	A4-3	B1-1	B1-2	B1-3	B2-1	B2-2	B2-3	B3-1	B3-2	B3-3	B4-1	B4-2	B4-3	F1-1	F1-2	F1-3	F2-1	F2-2	F2-3	F3-1	F3-2	F3-3	F4-1	F4-2	F4-3	Y1-1	Y1-2	Y1-3	Y2-1	Y2-2	Y2-3	Gene
A1-1.tig15486.1	2.9276 	5.4919 	5.0227 	3.8277 	3.1551 	5.7081 	5.5792 	3.0601 	2.2641 	3.3275 	6.8967 	3.5396 	4.8446 	4.8054 	5.1313 	6.2452 	8.5350 	6.5177 	6.1550 	4.4212 	5.9094 	8.6421 	11.2858 	5.2192 	4.6420 	9.0102 	6.0438 	9.0890 	5.9646 	7.9860 	3.0817 	2.3967 	3.8635 	7.9161 	9.7396 	10.2327 	3.1899 	2.5540 	5.6295 	3.7607 	4.9773 	4.0440 	guaA
A2-1.tig00363.1	0.0000 	1.6427 	0.0000 	0.0000 	0.0000 	6.7235 	1.5260 	7.3564 	0.0000 	0.0000 	0.0000 	0.0000 	0.0000 	0.0000 	4.9699 	6.2894 	0.0000 	0.0000 	2.0058 	0.0000 	2.8856 	0.0000 	0.0000 	0.0000 	0.0000 	0.0000 	0.0000 	1.8001 	0.0000 	0.0000 	0.0000 	0.0000 	0.0000 	0.0000 	0.0000 	0.0000 	12.5919 	8.7384 	20.2650 	21.1035 	12.6083 	11.0323 	pstA
A1-3.tig00028.3	0.8483 	1.5897 	3.0980 	1.4037 	0.9627 	0.9368 	5.8572 	3.2201 	2.9439 	2.2450 	2.6584 	0.9164 	3.6650 	2.3378 	1.9551 	4.1684 	1.3593 	3.4403 	3.2349 	1.5178 	2.7646 	1.3921 	1.9158 	0.3888 	1.0932 	1.4583 	0.7036 	0.5874 	0.4052 	0.8737 	0.5409 	0.0716 	2.2466 	1.0718 	0.3259 	1.2277 	2.3593 	2.0242 	2.0360 	3.8428 	3.7898 	3.9993 	pstB
A3-1.tig33488.1	0.2385 	1.2682 	2.6136 	1.2188 	1.1063 	1.3314 	1.2230 	1.0437 	1.3381 	0.8589 	0.8294 	1.0436 	1.2606 	1.0990 	1.5747 	2.3729 	1.5445 	2.6872 	2.0744 	1.3000 	1.3926 	1.8270 	2.7495 	1.7718 	1.9460 	3.9644 	3.0446 	2.5635 	1.3869 	3.2568 	2.3371 	1.2850 	0.9947 	2.6615 	4.7015 	5.4410 	1.1687 	0.7273 	1.8586 	0.7724 	0.8867 	1.4967 	pyrG
A2-3.tig05463.2	0.0000 	2.3678 	2.5320 	3.4542 	0.0000 	0.0000 	2.3016 	0.0000 	0.0000 	0.0000 	0.0000 	0.0000 	0.0000 	0.0000 	0.0000 	0.0000 	0.0000 	0.0000 	5.7568 	2.7853 	0.0000 	0.0000 	0.0000 	0.0000 	21.1836 	7.2143 	8.6407 	7.0859 	0.0000 	0.0000 	3.3041 	0.0000 	1.8894 	0.0000 	0.0000 	2.1534 	0.0000 	0.0000 	2.1279 	0.0000 	0.0000 	0.0000 	phnC
A3-2.tig01975.4	0.0000 	0.0000 	0.0000 	0.0000 	0.0000 	0.7417 	0.4875 	0.0000 	0.0000 	0.0000 	0.0000 	0.0000 	1.7433 	0.0000 	2.5731 	1.0180 	2.1852 	0.0000 	0.0000 	0.6323 	1.1893 	0.0000 	0.8210 	0.0000 	4.7455 	5.2970 	13.6021 	2.0805 	0.6481 	0.0000 	9.9912 	3.1778 	5.3418 	0.6076 	4.4146 	4.8802 	1.3942 	1.1898 	0.6609 	0.5841 	0.6971 	0.0000 	phoB
A1-3.tig01038.3	0.2304 	0.6531 	1.3368 	0.9243 	1.1371 	1.3602 	3.0554 	1.5343 	1.7930 	1.8966 	0.9110 	0.6650 	3.0492 	1.2092 	4.0323 	3.4144 	1.4462 	1.9382 	1.4710 	0.9789 	1.1949 	2.6646 	1.7801 	1.0958 	0.3268 	0.0000 	0.5551 	0.6982 	0.7993 	0.6461 	0.2135 	0.0840 	1.2599 	1.1109 	0.2121 	0.9733 	2.1585 	1.0565 	2.5942 	2.4548 	3.2172 	3.6131 	phnC
A3-3.tig07426.1	0.0000 	0.4050 	0.8831 	0.0000 	1.1264 	1.0185 	0.3298 	0.4013 	0.4304 	0.0000 	1.0674 	0.0000 	1.5791 	0.6246 	0.0000 	1.3569 	0.8901 	1.4290 	2.2570 	0.4277 	1.2135 	1.5880 	2.7827 	1.2659 	2.8201 	4.1779 	4.5929 	2.3401 	1.3414 	3.0293 	2.5573 	0.7064 	1.6164 	1.2307 	7.0465 	4.7873 	0.6318 	0.0000 	0.4425 	1.1818 	0.9385 	0.5624 	phnI
B1-2.tig04679.1	0.3688 	0.6864 	1.6084 	0.8707 	0.4430 	0.9401 	3.8800 	1.2457 	2.2829 	1.3151 	2.8424 	0.8475 	2.4465 	1.4497 	1.7968 	3.2221 	1.0707 	1.3716 	1.5991 	1.2263 	1.3586 	1.3372 	2.1410 	1.0189 	0.5771 	0.3936 	0.4844 	0.7180 	0.0000 	0.4024 	0.5736 	0.0954 	0.3177 	1.5023 	0.4510 	1.1254 	2.8727 	3.1720 	1.9561 	2.0874 	3.2679 	3.3532 	ppk
A3-3.tig15079.1	0.0000 	0.3266 	0.7000 	0.3919 	1.4925 	1.6401 	1.0552 	1.2879 	0.6892 	0.5502 	0.8621 	0.8140 	0.6238 	0.2474 	0.7143 	1.3485 	0.9523 	0.8520 	1.4417 	0.3406 	0.3204 	0.8389 	2.6434 	1.3674 	1.1194 	3.6424 	3.2939 	2.9522 	3.9586 	3.6000 	2.3170 	1.2421 	1.5996 	0.9761 	2.9273 	5.3412 	0.2544 	0.3199 	0.6957 	0.9371 	0.3700 	0.4423 	purB
A2-3.tig12925.1	0.8037 	2.2530 	3.2564 	2.2315 	1.0377 	0.0000 	1.2194 	0.7429 	0.3981 	0.0000 	0.0000 	2.2026 	0.0000 	0.2877 	0.0000 	0.0000 	0.2746 	0.0000 	5.0069 	2.7642 	1.1186 	0.0000 	0.5129 	0.0000 	8.4510 	3.0811 	4.9974 	2.5847 	0.4145 	1.3969 	1.6859 	0.4863 	0.7451 	0.7567 	0.0000 	0.8852 	0.8778 	0.3705 	2.0345 	0.0000 	0.0000 	0.5170 	ppa
A3-2.tig01828.4	0.4993 	0.4327 	0.6801 	0.8075 	0.2836 	0.2725 	0.5234 	0.4696 	0.2282 	0.5283 	0.8495 	0.5341 	1.2585 	0.9648 	0.9968 	0.5300 	0.9482 	1.3561 	1.6975 	1.1982 	0.6122 	0.2677 	0.8457 	1.1753 	1.0948 	2.3518 	3.6733 	1.7659 	1.6569 	1.2839 	5.0884 	1.9660 	3.3488 	0.8393 	2.2144 	1.6995 	1.7073 	1.4721 	1.0964 	0.6374 	1.4114 	1.2876 	phoB
B2-3.tig04494.1	0.0000 	0.5029 	0.7814 	0.7101 	0.6393 	0.9558 	0.4205 	0.1253 	0.5821 	0.3158 	0.9707 	1.1917 	0.7658 	1.2576 	0.2578 	0.9243 	1.6678 	2.0911 	0.5472 	0.3834 	0.6848 	0.6505 	2.5479 	0.5262 	1.2655 	2.8096 	1.6825 	1.6629 	2.8253 	1.8940 	1.5434 	0.7742 	1.3701 	1.6707 	3.3891 	3.2031 	0.8110 	0.1225 	1.0396 	0.6542 	0.5290 	0.9261 	pyk
A3-3.tig11526.1	0.4977 	0.4692 	1.1618 	1.3753 	0.0000 	0.2790 	0.9527 	0.2385 	0.2336 	1.2159 	0.0000 	1.6412 	0.4052 	0.6591 	2.3669 	2.3524 	2.2651 	0.5647 	0.4835 	0.2274 	0.4189 	0.2747 	0.5784 	0.9288 	0.1869 	0.8768 	1.5641 	3.4936 	1.4019 	1.5802 	1.3251 	1.6696 	0.8377 	3.6035 	2.5456 	3.5935 	0.0000 	0.4308 	0.2252 	0.2035 	0.2414 	0.0000 	phoP
A3-2.tig02603.3	0.0000 	0.0000 	0.5740 	0.0000 	0.0000 	0.0000 	0.0000 	0.5341 	0.2856 	0.2246 	0.3573 	1.5667 	0.2538 	0.4063 	0.8818 	0.8889 	0.1976 	0.4659 	0.0000 	0.5605 	0.0000 	0.3425 	0.7198 	0.0000 	2.5322 	1.6277 	3.8445 	0.6392 	1.7872 	0.3270 	5.8273 	2.0014 	3.9164 	0.7997 	2.9034 	1.8701 	1.0605 	0.2641 	2.5404 	0.7645 	0.9036 	0.3589 	purN
B3-2.tig05506.2	0.0000 	0.0000 	1.1159 	0.0000 	0.0000 	0.8680 	0.0000 	0.3411 	0.3651 	0.2927 	0.9120 	0.5760 	0.6640 	0.5259 	2.6006 	2.5769 	0.5043 	0.9653 	1.6474 	0.7232 	0.0000 	0.4462 	0.4687 	0.0000 	0.3778 	1.0559 	1.0521 	4.5455 	2.8816 	1.7013 	0.6374 	0.7367 	1.3607 	2.5555 	2.6795 	5.2708 	0.2692 	0.0000 	0.3708 	0.0000 	0.3940 	0.4711 	ppa
B3-3.tig20516.2	0.0000 	0.0000 	0.2404 	0.5667 	0.3014 	1.1525 	0.3690 	0.0000 	0.0000 	0.1871 	0.0000 	0.1884 	1.6809 	0.3408 	1.9615 	0.9350 	0.8354 	0.3896 	0.2499 	0.9407 	0.2170 	0.2846 	0.2995 	0.0000 	3.0925 	1.3402 	7.0967 	0.7429 	0.5912 	0.2727 	4.0715 	1.8952 	4.4980 	0.2227 	1.2156 	1.2928 	1.0812 	0.4451 	0.9340 	0.4221 	0.7504 	0.2968 	RegX3
A3-1.tig33215.1	0.0000 	0.0000 	1.3515 	0.0000 	0.0000 	0.7935 	0.7652 	0.0000 	0.0000 	0.2654 	0.8342 	1.0486 	0.0000 	0.4777 	0.3452 	0.0000 	1.1513 	1.3710 	0.3483 	0.3290 	0.6182 	0.8093 	1.8159 	0.3308 	1.3512 	1.9176 	3.1754 	3.6441 	2.5137 	1.9298 	1.6766 	1.3284 	0.6172 	2.1987 	2.5602 	4.2196 	0.2463 	0.0000 	0.0000 	0.6029 	0.0000 	0.4491 	ugpC
A2-1.tig09579.1	1.3223 	0.9319 	1.0655 	0.8657 	0.8800 	1.0769 	1.6410 	0.1691 	0.9630 	1.0953 	1.3911 	0.4211 	1.2149 	0.6669 	0.9590 	0.8544 	0.8225 	1.2799 	1.4856 	0.6092 	0.6691 	0.2071 	0.7100 	0.5357 	0.9059 	0.5011 	0.8344 	0.1783 	0.2763 	0.0000 	1.2751 	0.0651 	0.6874 	0.1635 	0.4481 	1.5223 	1.7483 	1.0679 	1.6874 	2.2816 	2.2702 	2.4036 	thyA
B3-3.tig06017.1	0.3118 	0.5696 	0.3023 	0.0000 	0.0000 	0.7156 	0.0000 	0.0000 	0.3000 	0.2369 	0.0000 	0.4707 	0.2680 	0.4277 	0.9286 	1.2906 	0.8299 	0.7364 	0.0000 	1.0687 	0.0000 	0.7225 	0.3796 	0.2983 	2.3216 	2.0008 	4.7922 	2.2163 	0.6261 	0.6895 	4.6103 	1.6480 	2.2039 	0.0000 	2.0384 	1.9728 	0.6672 	0.5553 	1.4916 	0.0000 	0.0000 	0.0000 	pstB
B3-3.tig03731.4	0.1963 	0.0000 	0.1776 	0.0000 	0.0000 	0.2154 	0.2760 	0.1691 	0.0000 	0.2738 	0.2214 	0.5615 	0.6075 	0.1262 	0.1785 	0.1531 	0.3753 	0.1432 	0.0000 	0.1958 	0.0000 	0.0000 	0.2190 	0.0000 	2.0502 	2.3383 	3.3070 	0.1783 	1.3014 	0.5997 	5.2773 	1.5790 	4.1025 	0.8177 	3.2299 	1.9430 	1.6317 	0.6636 	1.3500 	0.1521 	0.7291 	0.0000 	thyA
A3-2.tig00325.5	0.0784 	0.1930 	0.5294 	0.5149 	0.1603 	1.1303 	0.3157 	0.2582 	0.4136 	0.3008 	0.4905 	0.1593 	0.8848 	0.3307 	0.8338 	0.7985 	0.3818 	0.2640 	0.3496 	0.6503 	0.0569 	0.2994 	0.3200 	0.3362 	1.8561 	1.3603 	3.3222 	0.8838 	0.7060 	1.0418 	3.4433 	0.7281 	2.3666 	0.7827 	1.9355 	1.2840 	1.5280 	1.0056 	1.3867 	0.4103 	0.5962 	0.3060 	purF
A2-3.tig29931.1	0.4210 	2.3687 	1.7182 	0.5237 	0.5480 	0.0000 	0.9634 	0.0000 	0.4192 	0.3390 	0.0000 	0.3318 	0.0000 	0.0000 	0.0000 	0.3301 	0.0000 	0.0000 	2.1979 	0.8328 	0.9396 	0.0000 	1.0828 	0.4116 	5.4871 	2.0325 	5.2794 	2.7298 	0.8715 	1.4738 	0.3555 	0.8579 	0.3931 	0.0000 	0.0000 	0.0000 	0.3078 	0.7809 	0.0000 	0.0000 	0.0000 	0.0000 	purM
A2-3.tig08337.1	0.4587 	1.2970 	1.8948 	2.0379 	0.6047 	0.0000 	1.0598 	0.4296 	0.0000 	0.3743 	0.0000 	0.7313 	0.0000 	0.0000 	0.0000 	0.7285 	0.0000 	0.3828 	1.9330 	0.9162 	0.4337 	0.0000 	0.5966 	0.0000 	7.5677 	1.3449 	5.8262 	0.0000 	0.0000 	0.5417 	0.7829 	0.1901 	0.0000 	0.4400 	0.0000 	0.5130 	0.0000 	0.0000 	0.9520 	0.4229 	0.5039 	0.0000 	phnN
A3-1.tig08556.2	0.4190 	0.5493 	0.0000 	0.4622 	0.7117 	0.9244 	0.2961 	0.3626 	0.5810 	0.4427 	0.2383 	0.0000 	0.4924 	0.4070 	0.3854 	0.2989 	0.2683 	0.0000 	2.1941 	0.9357 	0.3406 	0.0000 	0.0000 	0.7671 	2.7730 	1.7976 	5.2736 	0.5786 	0.5995 	0.6461 	1.6918 	0.5644 	0.8516 	0.8807 	0.4822 	0.4031 	1.0190 	0.7123 	1.6414 	0.1646 	0.5898 	0.2318 	phoH
B2-3.tig10985.1	0.1637 	0.2798 	0.2903 	0.3602 	0.0000 	0.3542 	0.4543 	0.0000 	0.2973 	0.2227 	0.5417 	1.0373 	0.9811 	0.4133 	0.2888 	0.5713 	1.0296 	1.1169 	0.1523 	0.5697 	0.2555 	0.1678 	0.7120 	0.2929 	1.0570 	1.9080 	2.0727 	1.5793 	1.2175 	0.9764 	1.0372 	1.0945 	0.8947 	1.2621 	4.2680 	1.4987 	0.4497 	0.1363 	0.3134 	0.1224 	0.4438 	0.1731 	purE
B3-3.tig08797.2	0.0000 	0.2685 	0.0000 	0.0000 	0.1352 	1.7645 	0.1954 	0.0000 	0.1528 	0.1140 	0.1371 	0.6937 	0.5661 	0.4951 	0.5357 	0.4703 	0.2370 	0.1772 	0.2327 	0.5429 	0.3855 	0.1266 	0.2695 	0.0000 	1.7583 	1.4504 	3.7993 	0.8845 	0.3919 	0.9871 	2.8861 	1.2824 	2.6545 	0.6066 	1.2057 	1.9931 	0.8142 	0.8348 	0.6146 	0.3668 	0.4327 	0.2601 	pstA
A2-3.tig06242.2	0.0000 	1.5399 	0.4180 	1.3700 	0.0000 	0.0000 	0.3128 	0.0000 	0.0000 	0.9892 	0.0000 	0.6460 	0.3736 	0.0000 	0.4229 	0.0000 	0.2817 	0.0000 	1.7124 	0.8108 	0.3830 	0.0000 	0.0000 	0.0000 	8.3440 	2.3730 	3.9507 	0.4426 	0.8499 	0.9565 	0.6923 	0.6670 	0.0000 	0.0000 	0.0000 	0.0000 	0.0000 	0.3803 	1.6730 	0.0000 	0.0000 	0.0000 	purE
A2-2.tig00646.4	0.0000 	0.0000 	0.0000 	0.0000 	0.0000 	0.0000 	1.0356 	0.0000 	0.0000 	0.0000 	1.4664 	0.0000 	0.0000 	0.0000 	0.0000 	0.0000 	0.0000 	0.0000 	0.0000 	0.0000 	0.0000 	0.0000 	0.0000 	0.0000 	0.0000 	0.0000 	0.0000 	0.0000 	0.0000 	0.0000 	0.0000 	0.0000 	0.0000 	0.0000 	0.0000 	0.0000 	5.1177 	0.0000 	3.0458 	4.8809 	5.4597 	8.5136 	guaB
B3-3.tig07209.1	0.0000 	0.1514 	0.5668 	0.0000 	0.0000 	0.6440 	0.0000 	0.0000 	0.3109 	0.0000 	0.0000 	0.5567 	0.2356 	0.4604 	1.2770 	0.5657 	0.5798 	0.3522 	0.0000 	0.6238 	0.4619 	0.0000 	0.5872 	0.1516 	0.8521 	1.4230 	3.4149 	0.6978 	1.2483 	0.2859 	2.6876 	1.3027 	2.5129 	0.5088 	1.8104 	1.2478 	0.6791 	0.3789 	0.8510 	0.1654 	0.2258 	0.3351 	purL
B3-3.tig04026.1	0.0673 	0.2858 	0.3837 	0.3217 	0.1616 	0.3362 	0.3041 	0.1309 	0.3334 	0.1821 	0.5885 	0.3737 	0.5023 	0.2552 	0.7669 	0.8610 	0.3459 	0.2574 	0.3678 	0.6293 	0.2361 	0.4230 	0.6431 	0.1494 	1.3906 	1.1628 	3.0677 	0.9612 	0.5243 	0.4374 	2.1568 	0.8981 	2.1608 	0.5552 	1.5239 	1.5867 	0.4275 	0.6264 	0.7629 	0.3582 	0.1855 	0.2165 	nrdJ
A2-3.tig00789.1	0.1711 	1.0571 	1.1608 	1.1249 	0.6161 	0.4483 	0.8065 	0.2121 	0.3773 	0.0550 	0.1794 	0.5234 	0.4175 	0.1036 	0.2819 	0.0576 	0.0523 	0.0579 	1.9918 	0.6416 	0.6880 	0.0000 	0.2634 	0.0737 	5.5426 	1.4537 	2.7733 	0.6247 	0.6100 	0.8054 	0.7316 	0.2741 	0.5006 	0.2642 	0.3037 	0.2169 	0.2882 	0.3442 	0.7288 	0.1182 	0.0000 	0.1682 	pyk
B3-3.tig08758.3	0.0000 	0.2792 	0.0000 	0.0000 	0.3742 	1.0526 	0.0000 	0.2749 	0.0000 	0.0000 	0.0000 	0.4612 	0.0000 	0.0000 	0.9094 	0.0000 	0.6102 	0.0000 	0.0000 	0.2889 	0.0000 	0.0000 	0.0000 	0.0000 	2.6102 	1.1193 	3.4962 	0.9289 	0.3068 	1.3498 	3.1365 	1.8254 	2.1565 	0.5500 	1.7465 	0.3218 	0.7774 	0.5442 	1.4586 	0.2632 	0.0000 	0.0000 	phnT
B1-1.tig17462.1	0.0000 	0.0000 	1.1717 	0.6729 	0.0000 	0.6950 	0.0000 	0.5445 	0.0000 	0.2294 	0.3644 	0.6849 	0.0000 	0.0000 	0.6000 	0.6801 	0.2014 	0.2378 	0.9094 	1.1439 	0.5339 	1.7486 	3.6757 	2.8961 	0.2349 	0.5538 	0.5471 	0.6125 	0.6075 	0.6678 	0.9653 	0.1137 	0.8001 	0.8164 	0.7408 	0.9550 	0.0000 	0.2694 	0.5770 	0.0000 	0.0000 	0.7337 	purC
A3-2.tig07163.1	0.0000 	0.0000 	0.0000 	0.0000 	0.0000 	0.3543 	0.0000 	0.2777 	0.0000 	0.0000 	0.0000 	0.2329 	0.5302 	0.3636 	0.0000 	0.4511 	0.0000 	0.2429 	0.0000 	0.5516 	0.4108 	0.0000 	0.0000 	0.5907 	0.3122 	1.4888 	2.1018 	0.5427 	0.9297 	0.0000 	5.0807 	1.8165 	2.8664 	0.2779 	0.6306 	2.5640 	1.0570 	0.0000 	1.4203 	0.0014 	0.3145 	0.3750 	pstB
Y2-3.tig11440.1	0.0000 	0.0000 	0.7531 	1.1360 	0.3943 	0.5285 	0.3393 	0.4161 	0.1111 	0.3282 	1.2005 	0.1717 	1.6022 	1.0856 	2.2755 	1.4464 	1.9229 	3.0644 	0.1132 	0.0000 	0.0000 	0.2462 	0.7861 	0.0000 	0.0872 	0.0000 	0.1894 	0.0000 	0.0000 	0.1371 	0.0000 	0.0377 	0.0937 	1.7460 	0.2707 	0.2181 	0.0000 	0.3047 	0.5973 	0.5038 	0.8282 	2.6542 	nrdJ
A3-3.tig17976.1	0.0000 	0.2661 	0.8438 	0.0000 	0.0000 	0.0000 	0.0000 	0.0000 	0.0000 	0.0000 	0.3504 	0.4390 	0.0000 	0.1991 	0.0000 	0.0000 	0.7755 	0.6850 	0.0000 	0.0000 	0.0000 	0.3354 	0.7051 	0.5575 	0.2257 	1.3292 	1.3105 	1.1733 	0.5842 	1.6018 	1.3881 	0.7612 	0.5115 	0.7836 	4.5058 	4.5792 	0.2082 	0.0000 	0.2763 	0.0000 	0.0000 	1.0541 	pstS
A3-2.tig09704.2	0.0000 	0.2430 	0.0000 	0.0000 	0.3215 	0.0000 	0.0000 	0.4789 	0.5118 	0.0000 	0.0000 	0.2001 	1.1226 	0.5436 	0.0000 	0.1986 	0.0000 	0.0000 	0.0000 	0.0000 	0.0000 	0.0000 	0.0000 	0.2546 	0.8218 	1.9318 	1.1848 	0.7945 	0.2663 	0.5812 	3.3504 	1.5219 	1.6212 	0.2372 	0.6468 	1.1053 	0.0000 	0.9451 	0.7486 	0.0000 	0.0000 	0.3172 	phoB
A3-1.tig17974.1	0.0000 	0.3269 	0.4379 	0.3824 	0.0000 	0.7106 	0.0000 	0.1209 	0.0000 	0.2880 	0.0000 	0.0000 	0.4211 	0.0894 	0.3722 	0.1105 	0.1788 	0.0000 	0.1562 	0.3696 	0.2822 	0.1443 	0.3067 	0.0000 	0.5936 	1.1249 	2.6589 	0.2806 	0.4699 	0.1403 	1.8433 	0.7413 	1.5924 	0.3364 	0.5519 	0.7227 	0.5613 	0.1182 	0.5333 	0.1049 	0.1274 	0.2970 	ugpC
A1-1.tig23018.1	0.0000 	0.0000 	0.0000 	0.0000 	0.0000 	0.0000 	0.0000 	0.0000 	0.0000 	0.0000 	0.0000 	0.0000 	0.6485 	1.5842 	0.7160 	4.0312 	1.9715 	1.7733 	0.0000 	0.7110 	0.0000 	0.0000 	0.0000 	0.0000 	0.0000 	0.0000 	0.0000 	0.0000 	0.7258 	0.0000 	0.0000 	0.0000 	0.0000 	0.6838 	0.0000 	0.0000 	0.5242 	0.0000 	0.0000 	0.6577 	1.5620 	1.8981 	purE
A2-1.tig10562.1	0.1528 	0.1423 	0.1346 	0.1680 	0.3308 	0.1646 	0.3333 	0.5176 	0.3986 	0.3456 	0.5019 	0.3211 	1.1329 	0.8315 	1.0677 	0.4567 	0.2871 	0.5740 	0.5654 	0.4363 	0.5907 	0.0000 	0.4943 	0.1560 	0.2180 	0.3790 	0.0000 	0.2650 	0.1412 	0.0000 	0.2130 	0.1441 	0.2364 	0.2731 	0.0000 	0.4723 	0.4537 	0.8862 	0.2680 	1.4112 	1.0956 	0.7993 	phoX
B3-3.tig04194.1	0.0506 	0.1036 	0.1083 	0.0000 	0.0505 	0.2194 	0.0889 	0.0846 	0.0708 	0.1156 	0.0845 	0.2040 	0.2438 	0.2423 	0.3244 	0.4038 	0.1647 	0.1045 	0.1771 	0.1705 	0.0868 	0.0960 	0.1120 	0.0712 	0.6037 	0.8005 	2.0247 	0.3722 	0.7937 	0.1342 	1.8718 	0.7568 	1.4635 	0.3417 	1.1496 	0.5123 	0.6453 	0.3202 	0.6642 	0.1968 	0.1058 	0.0948 	pstB
